Interacao,Tempo_execucao,resCode,texto
1,1.3841664791107178,200,"Boa tarde, eu sou a Robô Maria Helena cuidadora digital do admin. Você é o admin?"
2,2.022711992263794,200,"Estou entrando em contato em nome do Grupo de Pesquisa de Voicebot em Saúde. admin, o motivo da chamada é um alerta de sensor em perigo por sobrepeso que detectamos. O atendimento levará alguns minutos, tudo bem?"
3,1.3727009296417236,200,Inicialmente vamos verificar seu estado geral. Você tem sentido cansaço?
4,1.2387206554412842,200,"Certo, o senhor sente dificuldade para comer?"
5,1.2023954391479492,200,"Certo, e falta de vontade de comer?"
6,1.2911734580993652,200,"Certo, e tem inchaço nas pernas?"
7,1.213869333267212,200,"Certo, e falta de ar você tem?"
8,1.38724684715271,200,SYSTEM cansaco=S dificuldadecomer=S faltavontadecomer=S inchacopernas=S faltadear=S
1,1.3672845363616943,200,"Boa tarde, eu sou a Robô Maria Helena cuidadora digital do admin. Você é o admin?"
2,2.0607504844665527,200,"Estou entrando em contato em nome do Grupo de Pesquisa de Voicebot em Saúde. admin, o motivo da chamada é um alerta de sensor em perigo por sobrepeso que detectamos. O atendimento levará alguns minutos, tudo bem?"
3,1.4002737998962402,200,Inicialmente vamos verificar seu estado geral. Você tem sentido cansaço?
4,1.218125581741333,200,"Certo, o senhor sente dificuldade para comer?"
5,1.212043285369873,200,"Certo, e falta de vontade de comer?"
6,1.1912379264831543,200,"Certo, e tem inchaço nas pernas?"
7,1.1993305683135986,200,"Certo, e falta de ar você tem?"
8,1.361576795578003,200,SYSTEM cansaco=S dificuldadecomer=S faltavontadecomer=S inchacopernas=S faltadear=S
1,1.372882604598999,200,"Boa tarde, eu sou a Robô Maria Helena cuidadora digital do admin. Você é o admin?"
2,2.1172449588775635,200,"Estou entrando em contato em nome do Grupo de Pesquisa de Voicebot em Saúde. admin, o motivo da chamada é um alerta de sensor em perigo por sobrepeso que detectamos. O atendimento levará alguns minutos, tudo bem?"
3,1.3432579040527344,200,Inicialmente vamos verificar seu estado geral. Você tem sentido cansaço?
4,1.193420648574829,200,"Certo, o senhor sente dificuldade para comer?"
5,1.3075015544891357,200,"Certo, e falta de vontade de comer?"
6,1.2393887042999268,200,"Certo, e tem inchaço nas pernas?"
7,1.195014238357544,200,"Certo, e falta de ar você tem?"
8,1.426870584487915,200,SYSTEM cansaco=S dificuldadecomer=S faltavontadecomer=S inchacopernas=S faltadear=S
1,1.4508569240570068,200,"Boa tarde, eu sou a Robô Maria Helena cuidadora digital do admin. Você é o admin?"
2,2.1228721141815186,200,"Estou entrando em contato em nome do Grupo de Pesquisa de Voicebot em Saúde. admin, o motivo da chamada é um alerta de sensor em perigo por sobrepeso que detectamos. O atendimento levará alguns minutos, tudo bem?"
3,1.3711488246917725,200,Inicialmente vamos verificar seu estado geral. Você tem sentido cansaço?
4,1.2119996547698975,200,"Certo, o senhor sente dificuldade para comer?"
5,1.2161850929260254,200,"Certo, e falta de vontade de comer?"
6,1.2218172550201416,200,"Certo, e tem inchaço nas pernas?"
7,1.1950819492340088,200,"Certo, e falta de ar você tem?"
8,1.4188458919525146,200,SYSTEM cansaco=S dificuldadecomer=S faltavontadecomer=S inchacopernas=S faltadear=S
1,1.399033784866333,200,"Boa tarde, eu sou a Robô Maria Helena cuidadora digital do admin. Você é o admin?"
2,2.0377540588378906,200,"Estou entrando em contato em nome do Grupo de Pesquisa de Voicebot em Saúde. admin, o motivo da chamada é um alerta de sensor em perigo por sobrepeso que detectamos. O atendimento levará alguns minutos, tudo bem?"
3,1.5010781288146973,200,Inicialmente vamos verificar seu estado geral. Você tem sentido cansaço?
4,1.2058312892913818,200,"Certo, o senhor sente dificuldade para comer?"
5,1.2189459800720215,200,"Certo, e falta de vontade de comer?"
6,1.1968281269073486,200,"Certo, e tem inchaço nas pernas?"
7,1.175205945968628,200,"Certo, e falta de ar você tem?"
8,1.4201970100402832,200,SYSTEM cansaco=S dificuldadecomer=S faltavontadecomer=S inchacopernas=S faltadear=S
1,1.4251782894134521,200,"Boa tarde, eu sou a Robô Maria Helena cuidadora digital do admin. Você é o admin?"
2,2.0284228324890137,200,"Estou entrando em contato em nome do Grupo de Pesquisa de Voicebot em Saúde. admin, o motivo da chamada é um alerta de sensor em perigo por sobrepeso que detectamos. O atendimento levará alguns minutos, tudo bem?"
3,1.3421130180358887,200,Inicialmente vamos verificar seu estado geral. Você tem sentido cansaço?
4,1.192706823348999,200,"Certo, o senhor sente dificuldade para comer?"
5,1.1978302001953125,200,"Certo, e falta de vontade de comer?"
6,1.1608848571777344,200,"Certo, e tem inchaço nas pernas?"
7,1.1683201789855957,200,"Certo, e falta de ar você tem?"
8,1.409341812133789,200,SYSTEM cansaco=S dificuldadecomer=S faltavontadecomer=S inchacopernas=S faltadear=S
1,1.42863130569458,200,"Boa tarde, eu sou a Robô Maria Helena cuidadora digital do admin. Você é o admin?"
2,2.037662982940674,200,"Estou entrando em contato em nome do Grupo de Pesquisa de Voicebot em Saúde. admin, o motivo da chamada é um alerta de sensor em perigo por sobrepeso que detectamos. O atendimento levará alguns minutos, tudo bem?"
3,1.3762164115905762,200,Inicialmente vamos verificar seu estado geral. Você tem sentido cansaço?
4,1.1781895160675049,200,"Certo, o senhor sente dificuldade para comer?"
5,1.1784744262695312,200,"Certo, e falta de vontade de comer?"
6,1.1914746761322021,200,"Certo, e tem inchaço nas pernas?"
7,1.1717472076416016,200,"Certo, e falta de ar você tem?"
8,1.3961889743804932,200,SYSTEM cansaco=S dificuldadecomer=S faltavontadecomer=S inchacopernas=S faltadear=S
1,1.4188997745513916,200,"Boa tarde, eu sou a Robô Maria Helena cuidadora digital do admin. Você é o admin?"
2,1.9965543746948242,200,"Estou entrando em contato em nome do Grupo de Pesquisa de Voicebot em Saúde. admin, o motivo da chamada é um alerta de sensor em perigo por sobrepeso que detectamos. O atendimento levará alguns minutos, tudo bem?"
3,1.329016923904419,200,Inicialmente vamos verificar seu estado geral. Você tem sentido cansaço?
4,1.1976215839385986,200,"Certo, o senhor sente dificuldade para comer?"
5,1.2346067428588867,200,"Certo, e falta de vontade de comer?"
6,1.2041254043579102,200,"Certo, e tem inchaço nas pernas?"
7,1.193460464477539,200,"Certo, e falta de ar você tem?"
8,1.4196710586547852,200,SYSTEM cansaco=S dificuldadecomer=S faltavontadecomer=S inchacopernas=S faltadear=S
1,1.3647410869598389,200,"Boa tarde, eu sou a Robô Maria Helena cuidadora digital do admin. Você é o admin?"
2,2.043503761291504,200,"Estou entrando em contato em nome do Grupo de Pesquisa de Voicebot em Saúde. admin, o motivo da chamada é um alerta de sensor em perigo por sobrepeso que detectamos. O atendimento levará alguns minutos, tudo bem?"
3,1.3326935768127441,200,Inicialmente vamos verificar seu estado geral. Você tem sentido cansaço?
4,1.2586007118225098,200,"Certo, o senhor sente dificuldade para comer?"
5,1.1887428760528564,200,"Certo, e falta de vontade de comer?"
6,1.2013750076293945,200,"Certo, e tem inchaço nas pernas?"
7,1.2261207103729248,200,"Certo, e falta de ar você tem?"
8,1.3933429718017578,200,SYSTEM cansaco=S dificuldadecomer=S faltavontadecomer=S inchacopernas=S faltadear=S
1,1.3629515171051025,200,"Boa tarde, eu sou a Robô Maria Helena cuidadora digital do admin. Você é o admin?"
2,2.016049385070801,200,"Estou entrando em contato em nome do Grupo de Pesquisa de Voicebot em Saúde. admin, o motivo da chamada é um alerta de sensor em perigo por sobrepeso que detectamos. O atendimento levará alguns minutos, tudo bem?"
3,1.3476011753082275,200,Inicialmente vamos verificar seu estado geral. Você tem sentido cansaço?
4,1.1768019199371338,200,"Certo, o senhor sente dificuldade para comer?"
5,1.2046921253204346,200,"Certo, e falta de vontade de comer?"
6,1.189610242843628,200,"Certo, e tem inchaço nas pernas?"
7,1.196136713027954,200,"Certo, e falta de ar você tem?"
8,1.4095313549041748,200,SYSTEM cansaco=S dificuldadecomer=S faltavontadecomer=S inchacopernas=S faltadear=S
1,1.409710168838501,200,"Boa tarde, eu sou a Robô Maria Helena cuidadora digital do admin. Você é o admin?"
2,2.0718798637390137,200,"Estou entrando em contato em nome do Grupo de Pesquisa de Voicebot em Saúde. admin, o motivo da chamada é um alerta de sensor em perigo por sobrepeso que detectamos. O atendimento levará alguns minutos, tudo bem?"
3,1.3438079357147217,200,Inicialmente vamos verificar seu estado geral. Você tem sentido cansaço?
4,1.1833126544952393,200,"Certo, o senhor sente dificuldade para comer?"
5,1.2052624225616455,200,"Certo, e falta de vontade de comer?"
6,1.179483413696289,200,"Certo, e tem inchaço nas pernas?"
7,1.1809110641479492,200,"Certo, e falta de ar você tem?"
8,1.379499912261963,200,SYSTEM cansaco=S dificuldadecomer=S faltavontadecomer=S inchacopernas=S faltadear=S
1,1.3673338890075684,200,"Boa tarde, eu sou a Robô Maria Helena cuidadora digital do admin. Você é o admin?"
2,1.9966259002685547,200,"Estou entrando em contato em nome do Grupo de Pesquisa de Voicebot em Saúde. admin, o motivo da chamada é um alerta de sensor em perigo por sobrepeso que detectamos. O atendimento levará alguns minutos, tudo bem?"
3,1.3569910526275635,200,Inicialmente vamos verificar seu estado geral. Você tem sentido cansaço?
4,1.2058756351470947,200,"Certo, o senhor sente dificuldade para comer?"
5,1.1726384162902832,200,"Certo, e falta de vontade de comer?"
6,1.2080252170562744,200,"Certo, e tem inchaço nas pernas?"
7,1.1660950183868408,200,"Certo, e falta de ar você tem?"
8,1.3892228603363037,200,SYSTEM cansaco=S dificuldadecomer=S faltavontadecomer=S inchacopernas=S faltadear=S
1,1.3434619903564453,200,"Boa tarde, eu sou a Robô Maria Helena cuidadora digital do admin. Você é o admin?"
2,1.9757697582244873,200,"Estou entrando em contato em nome do Grupo de Pesquisa de Voicebot em Saúde. admin, o motivo da chamada é um alerta de sensor em perigo por sobrepeso que detectamos. O atendimento levará alguns minutos, tudo bem?"
3,1.3593497276306152,200,Inicialmente vamos verificar seu estado geral. Você tem sentido cansaço?
4,1.2247076034545898,200,"Certo, o senhor sente dificuldade para comer?"
5,1.258267879486084,200,"Certo, e falta de vontade de comer?"
6,1.1708803176879883,200,"Certo, e tem inchaço nas pernas?"
7,1.1875338554382324,200,"Certo, e falta de ar você tem?"
8,1.4116542339324951,200,SYSTEM cansaco=S dificuldadecomer=S faltavontadecomer=S inchacopernas=S faltadear=S
1,1.408677101135254,200,"Boa tarde, eu sou a Robô Maria Helena cuidadora digital do admin. Você é o admin?"
2,2.089292526245117,200,"Estou entrando em contato em nome do Grupo de Pesquisa de Voicebot em Saúde. admin, o motivo da chamada é um alerta de sensor em perigo por sobrepeso que detectamos. O atendimento levará alguns minutos, tudo bem?"
3,1.3454320430755615,200,Inicialmente vamos verificar seu estado geral. Você tem sentido cansaço?
4,1.2534360885620117,200,"Certo, o senhor sente dificuldade para comer?"
5,1.2584919929504395,200,"Certo, e falta de vontade de comer?"
6,1.1977038383483887,200,"Certo, e tem inchaço nas pernas?"
7,1.1966383457183838,200,"Certo, e falta de ar você tem?"
8,1.4038589000701904,200,SYSTEM cansaco=S dificuldadecomer=S faltavontadecomer=S inchacopernas=S faltadear=S
1,1.35758376121521,200,"Boa tarde, eu sou a Robô Maria Helena cuidadora digital do admin. Você é o admin?"
2,2.0882632732391357,200,"Estou entrando em contato em nome do Grupo de Pesquisa de Voicebot em Saúde. admin, o motivo da chamada é um alerta de sensor em perigo por sobrepeso que detectamos. O atendimento levará alguns minutos, tudo bem?"
3,1.394554615020752,200,Inicialmente vamos verificar seu estado geral. Você tem sentido cansaço?
4,1.1978890895843506,200,"Certo, o senhor sente dificuldade para comer?"
5,1.179934024810791,200,"Certo, e falta de vontade de comer?"
6,1.1997711658477783,200,"Certo, e tem inchaço nas pernas?"
7,1.188683271408081,200,"Certo, e falta de ar você tem?"
8,1.4202938079833984,200,SYSTEM cansaco=S dificuldadecomer=S faltavontadecomer=S inchacopernas=S faltadear=S
1,1.39829683303833,200,"Boa tarde, eu sou a Robô Maria Helena cuidadora digital do admin. Você é o admin?"
2,1.9909405708312988,200,"Estou entrando em contato em nome do Grupo de Pesquisa de Voicebot em Saúde. admin, o motivo da chamada é um alerta de sensor em perigo por sobrepeso que detectamos. O atendimento levará alguns minutos, tudo bem?"
3,1.3377819061279297,200,Inicialmente vamos verificar seu estado geral. Você tem sentido cansaço?
4,1.1905741691589355,200,"Certo, o senhor sente dificuldade para comer?"
5,1.2370095252990723,200,"Certo, e falta de vontade de comer?"
6,1.206482172012329,200,"Certo, e tem inchaço nas pernas?"
7,1.1790156364440918,200,"Certo, e falta de ar você tem?"
8,1.4090564250946045,200,SYSTEM cansaco=S dificuldadecomer=S faltavontadecomer=S inchacopernas=S faltadear=S
1,1.4730093479156494,200,"Boa tarde, eu sou a Robô Maria Helena cuidadora digital do admin. Você é o admin?"
2,2.148834228515625,200,"Estou entrando em contato em nome do Grupo de Pesquisa de Voicebot em Saúde. admin, o motivo da chamada é um alerta de sensor em perigo por sobrepeso que detectamos. O atendimento levará alguns minutos, tudo bem?"
3,1.3284072875976562,200,Inicialmente vamos verificar seu estado geral. Você tem sentido cansaço?
4,1.2048044204711914,200,"Certo, o senhor sente dificuldade para comer?"
5,1.215142011642456,200,"Certo, e falta de vontade de comer?"
6,1.221308946609497,200,"Certo, e tem inchaço nas pernas?"
7,1.2142741680145264,200,"Certo, e falta de ar você tem?"
8,1.3779938220977783,200,SYSTEM cansaco=S dificuldadecomer=S faltavontadecomer=S inchacopernas=S faltadear=S
1,1.3478131294250488,200,"Boa tarde, eu sou a Robô Maria Helena cuidadora digital do admin. Você é o admin?"
2,2.0292341709136963,200,"Estou entrando em contato em nome do Grupo de Pesquisa de Voicebot em Saúde. admin, o motivo da chamada é um alerta de sensor em perigo por sobrepeso que detectamos. O atendimento levará alguns minutos, tudo bem?"
3,1.3889427185058594,200,Inicialmente vamos verificar seu estado geral. Você tem sentido cansaço?
4,1.2314062118530273,200,"Certo, o senhor sente dificuldade para comer?"
5,1.2239625453948975,200,"Certo, e falta de vontade de comer?"
6,1.1805434226989746,200,"Certo, e tem inchaço nas pernas?"
7,1.1939151287078857,200,"Certo, e falta de ar você tem?"
8,1.4038052558898926,200,SYSTEM cansaco=S dificuldadecomer=S faltavontadecomer=S inchacopernas=S faltadear=S
1,1.4240407943725586,200,"Boa tarde, eu sou a Robô Maria Helena cuidadora digital do admin. Você é o admin?"
2,2.1840221881866455,200,"Estou entrando em contato em nome do Grupo de Pesquisa de Voicebot em Saúde. admin, o motivo da chamada é um alerta de sensor em perigo por sobrepeso que detectamos. O atendimento levará alguns minutos, tudo bem?"
3,1.3355863094329834,200,Inicialmente vamos verificar seu estado geral. Você tem sentido cansaço?
4,1.208432674407959,200,"Certo, o senhor sente dificuldade para comer?"
5,1.202657699584961,200,"Certo, e falta de vontade de comer?"
6,1.1949284076690674,200,"Certo, e tem inchaço nas pernas?"
7,1.236135482788086,200,"Certo, e falta de ar você tem?"
8,1.3806238174438477,200,SYSTEM cansaco=S dificuldadecomer=S faltavontadecomer=S inchacopernas=S faltadear=S
1,1.4107470512390137,200,"Boa tarde, eu sou a Robô Maria Helena cuidadora digital do admin. Você é o admin?"
2,2.1196582317352295,200,"Estou entrando em contato em nome do Grupo de Pesquisa de Voicebot em Saúde. admin, o motivo da chamada é um alerta de sensor em perigo por sobrepeso que detectamos. O atendimento levará alguns minutos, tudo bem?"
3,1.3738462924957275,200,Inicialmente vamos verificar seu estado geral. Você tem sentido cansaço?
4,1.200223445892334,200,"Certo, o senhor sente dificuldade para comer?"
5,1.2077617645263672,200,"Certo, e falta de vontade de comer?"
6,1.1740550994873047,200,"Certo, e tem inchaço nas pernas?"
7,1.1666944026947021,200,"Certo, e falta de ar você tem?"
8,1.4137065410614014,200,SYSTEM cansaco=S dificuldadecomer=S faltavontadecomer=S inchacopernas=S faltadear=S
1,1.4393739700317383,200,"Boa tarde, eu sou a Robô Maria Helena cuidadora digital do admin. Você é o admin?"
2,2.0236010551452637,200,"Estou entrando em contato em nome do Grupo de Pesquisa de Voicebot em Saúde. admin, o motivo da chamada é um alerta de sensor em perigo por sobrepeso que detectamos. O atendimento levará alguns minutos, tudo bem?"
3,1.342475175857544,200,Inicialmente vamos verificar seu estado geral. Você tem sentido cansaço?
4,1.1956841945648193,200,"Certo, o senhor sente dificuldade para comer?"
5,1.1937966346740723,200,"Certo, e falta de vontade de comer?"
6,1.204317331314087,200,"Certo, e tem inchaço nas pernas?"
7,1.2082979679107666,200,"Certo, e falta de ar você tem?"
8,1.4373457431793213,200,SYSTEM cansaco=S dificuldadecomer=S faltavontadecomer=S inchacopernas=S faltadear=S
1,1.4300193786621094,200,"Boa tarde, eu sou a Robô Maria Helena cuidadora digital do admin. Você é o admin?"
2,2.0724637508392334,200,"Estou entrando em contato em nome do Grupo de Pesquisa de Voicebot em Saúde. admin, o motivo da chamada é um alerta de sensor em perigo por sobrepeso que detectamos. O atendimento levará alguns minutos, tudo bem?"
3,1.3473625183105469,200,Inicialmente vamos verificar seu estado geral. Você tem sentido cansaço?
4,1.1966702938079834,200,"Certo, o senhor sente dificuldade para comer?"
5,1.1744179725646973,200,"Certo, e falta de vontade de comer?"
6,1.2171592712402344,200,"Certo, e tem inchaço nas pernas?"
7,1.183258295059204,200,"Certo, e falta de ar você tem?"
8,1.3785791397094727,200,SYSTEM cansaco=S dificuldadecomer=S faltavontadecomer=S inchacopernas=S faltadear=S
1,1.427582025527954,200,"Boa tarde, eu sou a Robô Maria Helena cuidadora digital do admin. Você é o admin?"
2,2.1015851497650146,200,"Estou entrando em contato em nome do Grupo de Pesquisa de Voicebot em Saúde. admin, o motivo da chamada é um alerta de sensor em perigo por sobrepeso que detectamos. O atendimento levará alguns minutos, tudo bem?"
3,1.39151930809021,200,Inicialmente vamos verificar seu estado geral. Você tem sentido cansaço?
4,1.229140281677246,200,"Certo, o senhor sente dificuldade para comer?"
5,1.185873031616211,200,"Certo, e falta de vontade de comer?"
6,1.2001566886901855,200,"Certo, e tem inchaço nas pernas?"
7,1.1934537887573242,200,"Certo, e falta de ar você tem?"
8,1.4145517349243164,200,SYSTEM cansaco=S dificuldadecomer=S faltavontadecomer=S inchacopernas=S faltadear=S
1,1.3951692581176758,200,"Boa tarde, eu sou a Robô Maria Helena cuidadora digital do admin. Você é o admin?"
2,2.0776476860046387,200,"Estou entrando em contato em nome do Grupo de Pesquisa de Voicebot em Saúde. admin, o motivo da chamada é um alerta de sensor em perigo por sobrepeso que detectamos. O atendimento levará alguns minutos, tudo bem?"
3,1.338240146636963,200,Inicialmente vamos verificar seu estado geral. Você tem sentido cansaço?
4,1.1981933116912842,200,"Certo, o senhor sente dificuldade para comer?"
5,1.2170310020446777,200,"Certo, e falta de vontade de comer?"
6,1.1952273845672607,200,"Certo, e tem inchaço nas pernas?"
7,1.1881191730499268,200,"Certo, e falta de ar você tem?"
8,1.4336018562316895,200,SYSTEM cansaco=S dificuldadecomer=S faltavontadecomer=S inchacopernas=S faltadear=S
1,1.3963236808776855,200,"Boa tarde, eu sou a Robô Maria Helena cuidadora digital do admin. Você é o admin?"
2,1.9508180618286133,200,"Estou entrando em contato em nome do Grupo de Pesquisa de Voicebot em Saúde. admin, o motivo da chamada é um alerta de sensor em perigo por sobrepeso que detectamos. O atendimento levará alguns minutos, tudo bem?"
3,1.3750417232513428,200,Inicialmente vamos verificar seu estado geral. Você tem sentido cansaço?
4,1.2136592864990234,200,"Certo, o senhor sente dificuldade para comer?"
5,1.2177464962005615,200,"Certo, e falta de vontade de comer?"
6,1.2197821140289307,200,"Certo, e tem inchaço nas pernas?"
7,1.2197511196136475,200,"Certo, e falta de ar você tem?"
8,1.4236795902252197,200,SYSTEM cansaco=S dificuldadecomer=S faltavontadecomer=S inchacopernas=S faltadear=S
1,1.4395060539245605,200,"Boa tarde, eu sou a Robô Maria Helena cuidadora digital do admin. Você é o admin?"
2,2.023226261138916,200,"Estou entrando em contato em nome do Grupo de Pesquisa de Voicebot em Saúde. admin, o motivo da chamada é um alerta de sensor em perigo por sobrepeso que detectamos. O atendimento levará alguns minutos, tudo bem?"
3,1.3517823219299316,200,Inicialmente vamos verificar seu estado geral. Você tem sentido cansaço?
4,1.2051196098327637,200,"Certo, o senhor sente dificuldade para comer?"
5,1.1822631359100342,200,"Certo, e falta de vontade de comer?"
6,1.1933367252349854,200,"Certo, e tem inchaço nas pernas?"
7,1.1842041015625,200,"Certo, e falta de ar você tem?"
8,1.387664556503296,200,SYSTEM cansaco=S dificuldadecomer=S faltavontadecomer=S inchacopernas=S faltadear=S
1,1.360403299331665,200,"Boa tarde, eu sou a Robô Maria Helena cuidadora digital do admin. Você é o admin?"
2,2.1417033672332764,200,"Estou entrando em contato em nome do Grupo de Pesquisa de Voicebot em Saúde. admin, o motivo da chamada é um alerta de sensor em perigo por sobrepeso que detectamos. O atendimento levará alguns minutos, tudo bem?"
3,1.3308351039886475,200,Inicialmente vamos verificar seu estado geral. Você tem sentido cansaço?
4,1.2164034843444824,200,"Certo, o senhor sente dificuldade para comer?"
5,1.2027134895324707,200,"Certo, e falta de vontade de comer?"
6,1.2114002704620361,200,"Certo, e tem inchaço nas pernas?"
7,1.17537260055542,200,"Certo, e falta de ar você tem?"
8,1.3684334754943848,200,SYSTEM cansaco=S dificuldadecomer=S faltavontadecomer=S inchacopernas=S faltadear=S
1,1.377910852432251,200,"Boa tarde, eu sou a Robô Maria Helena cuidadora digital do admin. Você é o admin?"
2,2.010035514831543,200,"Estou entrando em contato em nome do Grupo de Pesquisa de Voicebot em Saúde. admin, o motivo da chamada é um alerta de sensor em perigo por sobrepeso que detectamos. O atendimento levará alguns minutos, tudo bem?"
3,1.3425555229187012,200,Inicialmente vamos verificar seu estado geral. Você tem sentido cansaço?
4,1.2163162231445312,200,"Certo, o senhor sente dificuldade para comer?"
5,1.2367229461669922,200,"Certo, e falta de vontade de comer?"
6,1.177769422531128,200,"Certo, e tem inchaço nas pernas?"
7,1.2246088981628418,200,"Certo, e falta de ar você tem?"
8,1.3627769947052002,200,SYSTEM cansaco=S dificuldadecomer=S faltavontadecomer=S inchacopernas=S faltadear=S
1,1.3866057395935059,200,"Boa tarde, eu sou a Robô Maria Helena cuidadora digital do admin. Você é o admin?"
2,2.003434896469116,200,"Estou entrando em contato em nome do Grupo de Pesquisa de Voicebot em Saúde. admin, o motivo da chamada é um alerta de sensor em perigo por sobrepeso que detectamos. O atendimento levará alguns minutos, tudo bem?"
3,1.330005168914795,200,Inicialmente vamos verificar seu estado geral. Você tem sentido cansaço?
4,1.2141449451446533,200,"Certo, o senhor sente dificuldade para comer?"
5,1.210017204284668,200,"Certo, e falta de vontade de comer?"
6,1.1971070766448975,200,"Certo, e tem inchaço nas pernas?"
7,1.1729753017425537,200,"Certo, e falta de ar você tem?"
8,1.3846874237060547,200,SYSTEM cansaco=S dificuldadecomer=S faltavontadecomer=S inchacopernas=S faltadear=S
1,1.3822605609893799,200,"Boa tarde, eu sou a Robô Maria Helena cuidadora digital do admin. Você é o admin?"
2,1.9797279834747314,200,"Estou entrando em contato em nome do Grupo de Pesquisa de Voicebot em Saúde. admin, o motivo da chamada é um alerta de sensor em perigo por sobrepeso que detectamos. O atendimento levará alguns minutos, tudo bem?"
3,1.3609750270843506,200,Inicialmente vamos verificar seu estado geral. Você tem sentido cansaço?
4,1.210862398147583,200,"Certo, o senhor sente dificuldade para comer?"
5,1.237576961517334,200,"Certo, e falta de vontade de comer?"
6,1.2616477012634277,200,"Certo, e tem inchaço nas pernas?"
7,1.185049295425415,200,"Certo, e falta de ar você tem?"
8,1.399906873703003,200,SYSTEM cansaco=S dificuldadecomer=S faltavontadecomer=S inchacopernas=S faltadear=S
1,1.3706591129302979,200,"Boa tarde, eu sou a Robô Maria Helena cuidadora digital do admin. Você é o admin?"
2,1.9947495460510254,200,"Estou entrando em contato em nome do Grupo de Pesquisa de Voicebot em Saúde. admin, o motivo da chamada é um alerta de sensor em perigo por sobrepeso que detectamos. O atendimento levará alguns minutos, tudo bem?"
3,1.4222912788391113,200,Inicialmente vamos verificar seu estado geral. Você tem sentido cansaço?
4,1.2415416240692139,200,"Certo, o senhor sente dificuldade para comer?"
5,1.2314996719360352,200,"Certo, e falta de vontade de comer?"
6,1.2252717018127441,200,"Certo, e tem inchaço nas pernas?"
7,1.2039384841918945,200,"Certo, e falta de ar você tem?"
8,1.4073643684387207,200,SYSTEM cansaco=S dificuldadecomer=S faltavontadecomer=S inchacopernas=S faltadear=S
1,1.3702068328857422,200,"Boa tarde, eu sou a Robô Maria Helena cuidadora digital do admin. Você é o admin?"
2,1.9633519649505615,200,"Estou entrando em contato em nome do Grupo de Pesquisa de Voicebot em Saúde. admin, o motivo da chamada é um alerta de sensor em perigo por sobrepeso que detectamos. O atendimento levará alguns minutos, tudo bem?"
3,1.3337604999542236,200,Inicialmente vamos verificar seu estado geral. Você tem sentido cansaço?
4,1.1739296913146973,200,"Certo, o senhor sente dificuldade para comer?"
5,1.187734603881836,200,"Certo, e falta de vontade de comer?"
6,1.2434349060058594,200,"Certo, e tem inchaço nas pernas?"
7,1.1728289127349854,200,"Certo, e falta de ar você tem?"
8,1.3861184120178223,200,SYSTEM cansaco=S dificuldadecomer=S faltavontadecomer=S inchacopernas=S faltadear=S
1,1.3757166862487793,200,"Boa tarde, eu sou a Robô Maria Helena cuidadora digital do admin. Você é o admin?"
2,1.9970958232879639,200,"Estou entrando em contato em nome do Grupo de Pesquisa de Voicebot em Saúde. admin, o motivo da chamada é um alerta de sensor em perigo por sobrepeso que detectamos. O atendimento levará alguns minutos, tudo bem?"
3,1.4007720947265625,200,Inicialmente vamos verificar seu estado geral. Você tem sentido cansaço?
4,1.2053470611572266,200,"Certo, o senhor sente dificuldade para comer?"
5,1.177250623703003,200,"Certo, e falta de vontade de comer?"
6,1.2582859992980957,200,"Certo, e tem inchaço nas pernas?"
7,1.1887083053588867,200,"Certo, e falta de ar você tem?"
8,1.4165096282958984,200,SYSTEM cansaco=S dificuldadecomer=S faltavontadecomer=S inchacopernas=S faltadear=S
1,1.3895936012268066,200,"Boa tarde, eu sou a Robô Maria Helena cuidadora digital do admin. Você é o admin?"
2,2.012406587600708,200,"Estou entrando em contato em nome do Grupo de Pesquisa de Voicebot em Saúde. admin, o motivo da chamada é um alerta de sensor em perigo por sobrepeso que detectamos. O atendimento levará alguns minutos, tudo bem?"
3,1.3511145114898682,200,Inicialmente vamos verificar seu estado geral. Você tem sentido cansaço?
4,1.1923308372497559,200,"Certo, o senhor sente dificuldade para comer?"
5,1.201465129852295,200,"Certo, e falta de vontade de comer?"
6,1.1922156810760498,200,"Certo, e tem inchaço nas pernas?"
7,1.2478859424591064,200,"Certo, e falta de ar você tem?"
8,1.4029581546783447,200,SYSTEM cansaco=S dificuldadecomer=S faltavontadecomer=S inchacopernas=S faltadear=S
1,1.4190948009490967,200,"Boa tarde, eu sou a Robô Maria Helena cuidadora digital do admin. Você é o admin?"
2,1.9677927494049072,200,"Estou entrando em contato em nome do Grupo de Pesquisa de Voicebot em Saúde. admin, o motivo da chamada é um alerta de sensor em perigo por sobrepeso que detectamos. O atendimento levará alguns minutos, tudo bem?"
3,1.3547992706298828,200,Inicialmente vamos verificar seu estado geral. Você tem sentido cansaço?
4,1.187469244003296,200,"Certo, o senhor sente dificuldade para comer?"
5,1.2455716133117676,200,"Certo, e falta de vontade de comer?"
6,1.2213914394378662,200,"Certo, e tem inchaço nas pernas?"
7,1.1721596717834473,200,"Certo, e falta de ar você tem?"
8,1.369079828262329,200,SYSTEM cansaco=S dificuldadecomer=S faltavontadecomer=S inchacopernas=S faltadear=S
1,1.3647270202636719,200,"Boa tarde, eu sou a Robô Maria Helena cuidadora digital do admin. Você é o admin?"
2,1.948948860168457,200,"Estou entrando em contato em nome do Grupo de Pesquisa de Voicebot em Saúde. admin, o motivo da chamada é um alerta de sensor em perigo por sobrepeso que detectamos. O atendimento levará alguns minutos, tudo bem?"
3,1.3594145774841309,200,Inicialmente vamos verificar seu estado geral. Você tem sentido cansaço?
4,1.195272445678711,200,"Certo, o senhor sente dificuldade para comer?"
5,1.180927038192749,200,"Certo, e falta de vontade de comer?"
6,1.216822862625122,200,"Certo, e tem inchaço nas pernas?"
7,1.2069838047027588,200,"Certo, e falta de ar você tem?"
8,1.4196202754974365,200,SYSTEM cansaco=S dificuldadecomer=S faltavontadecomer=S inchacopernas=S faltadear=S
1,1.3508124351501465,200,"Boa tarde, eu sou a Robô Maria Helena cuidadora digital do admin. Você é o admin?"
2,2.0275895595550537,200,"Estou entrando em contato em nome do Grupo de Pesquisa de Voicebot em Saúde. admin, o motivo da chamada é um alerta de sensor em perigo por sobrepeso que detectamos. O atendimento levará alguns minutos, tudo bem?"
3,1.3733935356140137,200,Inicialmente vamos verificar seu estado geral. Você tem sentido cansaço?
4,1.1766254901885986,200,"Certo, o senhor sente dificuldade para comer?"
5,1.2042207717895508,200,"Certo, e falta de vontade de comer?"
6,1.2304623126983643,200,"Certo, e tem inchaço nas pernas?"
7,1.1768944263458252,200,"Certo, e falta de ar você tem?"
8,1.3703999519348145,200,SYSTEM cansaco=S dificuldadecomer=S faltavontadecomer=S inchacopernas=S faltadear=S
1,1.3743019104003906,200,"Boa tarde, eu sou a Robô Maria Helena cuidadora digital do admin. Você é o admin?"
2,2.054039478302002,200,"Estou entrando em contato em nome do Grupo de Pesquisa de Voicebot em Saúde. admin, o motivo da chamada é um alerta de sensor em perigo por sobrepeso que detectamos. O atendimento levará alguns minutos, tudo bem?"
3,1.336411952972412,200,Inicialmente vamos verificar seu estado geral. Você tem sentido cansaço?
4,1.230140209197998,200,"Certo, o senhor sente dificuldade para comer?"
5,1.2180540561676025,200,"Certo, e falta de vontade de comer?"
6,1.187608003616333,200,"Certo, e tem inchaço nas pernas?"
7,1.1927733421325684,200,"Certo, e falta de ar você tem?"
8,1.406818151473999,200,SYSTEM cansaco=S dificuldadecomer=S faltavontadecomer=S inchacopernas=S faltadear=S
1,1.3891422748565674,200,"Boa tarde, eu sou a Robô Maria Helena cuidadora digital do admin. Você é o admin?"
2,2.104276180267334,200,"Estou entrando em contato em nome do Grupo de Pesquisa de Voicebot em Saúde. admin, o motivo da chamada é um alerta de sensor em perigo por sobrepeso que detectamos. O atendimento levará alguns minutos, tudo bem?"
3,1.346921443939209,200,Inicialmente vamos verificar seu estado geral. Você tem sentido cansaço?
4,1.207076072692871,200,"Certo, o senhor sente dificuldade para comer?"
5,1.1981618404388428,200,"Certo, e falta de vontade de comer?"
6,1.1705923080444336,200,"Certo, e tem inchaço nas pernas?"
7,1.2012226581573486,200,"Certo, e falta de ar você tem?"
8,1.391277551651001,200,SYSTEM cansaco=S dificuldadecomer=S faltavontadecomer=S inchacopernas=S faltadear=S
1,1.3897945880889893,200,"Boa tarde, eu sou a Robô Maria Helena cuidadora digital do admin. Você é o admin?"
2,2.0247066020965576,200,"Estou entrando em contato em nome do Grupo de Pesquisa de Voicebot em Saúde. admin, o motivo da chamada é um alerta de sensor em perigo por sobrepeso que detectamos. O atendimento levará alguns minutos, tudo bem?"
3,1.3782408237457275,200,Inicialmente vamos verificar seu estado geral. Você tem sentido cansaço?
4,1.254755973815918,200,"Certo, o senhor sente dificuldade para comer?"
5,1.2086999416351318,200,"Certo, e falta de vontade de comer?"
6,1.2002387046813965,200,"Certo, e tem inchaço nas pernas?"
7,1.1942832469940186,200,"Certo, e falta de ar você tem?"
8,1.3767056465148926,200,SYSTEM cansaco=S dificuldadecomer=S faltavontadecomer=S inchacopernas=S faltadear=S
1,1.3749966621398926,200,"Boa tarde, eu sou a Robô Maria Helena cuidadora digital do admin. Você é o admin?"
2,1.9654810428619385,200,"Estou entrando em contato em nome do Grupo de Pesquisa de Voicebot em Saúde. admin, o motivo da chamada é um alerta de sensor em perigo por sobrepeso que detectamos. O atendimento levará alguns minutos, tudo bem?"
3,1.3342955112457275,200,Inicialmente vamos verificar seu estado geral. Você tem sentido cansaço?
4,1.2080886363983154,200,"Certo, o senhor sente dificuldade para comer?"
5,1.2469475269317627,200,"Certo, e falta de vontade de comer?"
6,1.2162704467773438,200,"Certo, e tem inchaço nas pernas?"
7,1.182602882385254,200,"Certo, e falta de ar você tem?"
8,1.4428894519805908,200,SYSTEM cansaco=S dificuldadecomer=S faltavontadecomer=S inchacopernas=S faltadear=S
1,1.3933305740356445,200,"Boa tarde, eu sou a Robô Maria Helena cuidadora digital do admin. Você é o admin?"
2,2.076185941696167,200,"Estou entrando em contato em nome do Grupo de Pesquisa de Voicebot em Saúde. admin, o motivo da chamada é um alerta de sensor em perigo por sobrepeso que detectamos. O atendimento levará alguns minutos, tudo bem?"
3,1.3572096824645996,200,Inicialmente vamos verificar seu estado geral. Você tem sentido cansaço?
4,1.231215476989746,200,"Certo, o senhor sente dificuldade para comer?"
5,1.2107815742492676,200,"Certo, e falta de vontade de comer?"
6,1.1950139999389648,200,"Certo, e tem inchaço nas pernas?"
7,1.2057163715362549,200,"Certo, e falta de ar você tem?"
8,1.4119822978973389,200,SYSTEM cansaco=S dificuldadecomer=S faltavontadecomer=S inchacopernas=S faltadear=S
1,1.477637529373169,200,"Boa tarde, eu sou a Robô Maria Helena cuidadora digital do admin. Você é o admin?"
2,2.1134915351867676,200,"Estou entrando em contato em nome do Grupo de Pesquisa de Voicebot em Saúde. admin, o motivo da chamada é um alerta de sensor em perigo por sobrepeso que detectamos. O atendimento levará alguns minutos, tudo bem?"
3,1.3702352046966553,200,Inicialmente vamos verificar seu estado geral. Você tem sentido cansaço?
4,1.2000799179077148,200,"Certo, o senhor sente dificuldade para comer?"
5,1.1933097839355469,200,"Certo, e falta de vontade de comer?"
6,1.1688125133514404,200,"Certo, e tem inchaço nas pernas?"
7,1.1766149997711182,200,"Certo, e falta de ar você tem?"
8,1.4240562915802002,200,SYSTEM cansaco=S dificuldadecomer=S faltavontadecomer=S inchacopernas=S faltadear=S
1,1.4857439994812012,200,"Boa tarde, eu sou a Robô Maria Helena cuidadora digital do admin. Você é o admin?"
2,2.0739009380340576,200,"Estou entrando em contato em nome do Grupo de Pesquisa de Voicebot em Saúde. admin, o motivo da chamada é um alerta de sensor em perigo por sobrepeso que detectamos. O atendimento levará alguns minutos, tudo bem?"
3,1.3825619220733643,200,Inicialmente vamos verificar seu estado geral. Você tem sentido cansaço?
4,1.198033332824707,200,"Certo, o senhor sente dificuldade para comer?"
5,1.239159345626831,200,"Certo, e falta de vontade de comer?"
6,1.186119794845581,200,"Certo, e tem inchaço nas pernas?"
7,1.217052936553955,200,"Certo, e falta de ar você tem?"
8,1.393317699432373,200,SYSTEM cansaco=S dificuldadecomer=S faltavontadecomer=S inchacopernas=S faltadear=S
1,1.393953800201416,200,"Boa tarde, eu sou a Robô Maria Helena cuidadora digital do admin. Você é o admin?"
2,2.016930103302002,200,"Estou entrando em contato em nome do Grupo de Pesquisa de Voicebot em Saúde. admin, o motivo da chamada é um alerta de sensor em perigo por sobrepeso que detectamos. O atendimento levará alguns minutos, tudo bem?"
3,1.3603918552398682,200,Inicialmente vamos verificar seu estado geral. Você tem sentido cansaço?
4,2.670713424682617,200,"Certo, o senhor sente dificuldade para comer?"
5,1.2260589599609375,200,"Certo, e falta de vontade de comer?"
6,1.2227270603179932,200,"Certo, e tem inchaço nas pernas?"
7,1.2212166786193848,200,"Certo, e falta de ar você tem?"
8,1.4215316772460938,200,SYSTEM cansaco=S dificuldadecomer=S faltavontadecomer=S inchacopernas=S faltadear=S
1,1.3774809837341309,200,"Boa tarde, eu sou a Robô Maria Helena cuidadora digital do admin. Você é o admin?"
2,2.1363039016723633,200,"Estou entrando em contato em nome do Grupo de Pesquisa de Voicebot em Saúde. admin, o motivo da chamada é um alerta de sensor em perigo por sobrepeso que detectamos. O atendimento levará alguns minutos, tudo bem?"
3,1.4340126514434814,200,Inicialmente vamos verificar seu estado geral. Você tem sentido cansaço?
4,1.272589921951294,200,"Certo, o senhor sente dificuldade para comer?"
5,1.240994930267334,200,"Certo, e falta de vontade de comer?"
6,1.306056022644043,200,"Certo, e tem inchaço nas pernas?"
7,1.3060624599456787,200,"Certo, e falta de ar você tem?"
8,1.5017023086547852,200,SYSTEM cansaco=S dificuldadecomer=S faltavontadecomer=S inchacopernas=S faltadear=S
1,1.4828681945800781,200,"Boa tarde, eu sou a Robô Maria Helena cuidadora digital do admin. Você é o admin?"
2,2.3742949962615967,200,"Estou entrando em contato em nome do Grupo de Pesquisa de Voicebot em Saúde. admin, o motivo da chamada é um alerta de sensor em perigo por sobrepeso que detectamos. O atendimento levará alguns minutos, tudo bem?"
3,1.4452617168426514,200,Inicialmente vamos verificar seu estado geral. Você tem sentido cansaço?
4,1.243452548980713,200,"Certo, o senhor sente dificuldade para comer?"
5,1.2549598217010498,200,"Certo, e falta de vontade de comer?"
6,1.212299108505249,200,"Certo, e tem inchaço nas pernas?"
7,1.3068225383758545,200,"Certo, e falta de ar você tem?"
8,1.5427346229553223,200,SYSTEM cansaco=S dificuldadecomer=S faltavontadecomer=S inchacopernas=S faltadear=S
1,1.5928866863250732,200,"Boa tarde, eu sou a Robô Maria Helena cuidadora digital do admin. Você é o admin?"
2,2.8261606693267822,200,"Estou entrando em contato em nome do Grupo de Pesquisa de Voicebot em Saúde. admin, o motivo da chamada é um alerta de sensor em perigo por sobrepeso que detectamos. O atendimento levará alguns minutos, tudo bem?"
3,1.5065240859985352,200,Inicialmente vamos verificar seu estado geral. Você tem sentido cansaço?
4,1.335768699645996,200,"Certo, o senhor sente dificuldade para comer?"
5,1.2788307666778564,200,"Certo, e falta de vontade de comer?"
6,1.4932050704956055,200,"Certo, e tem inchaço nas pernas?"
7,1.2721998691558838,200,"Certo, e falta de ar você tem?"
8,1.5335657596588135,200,SYSTEM cansaco=S dificuldadecomer=S faltavontadecomer=S inchacopernas=S faltadear=S
1,1.4967718124389648,200,"Boa tarde, eu sou a Robô Maria Helena cuidadora digital do admin. Você é o admin?"
2,2.032968759536743,200,"Estou entrando em contato em nome do Grupo de Pesquisa de Voicebot em Saúde. admin, o motivo da chamada é um alerta de sensor em perigo por sobrepeso que detectamos. O atendimento levará alguns minutos, tudo bem?"
3,1.3669028282165527,200,Inicialmente vamos verificar seu estado geral. Você tem sentido cansaço?
4,1.2525355815887451,200,"Certo, o senhor sente dificuldade para comer?"
5,1.2609186172485352,200,"Certo, e falta de vontade de comer?"
6,1.262753963470459,200,"Certo, e tem inchaço nas pernas?"
7,1.2788286209106445,200,"Certo, e falta de ar você tem?"
8,1.4217052459716797,200,SYSTEM cansaco=S dificuldadecomer=S faltavontadecomer=S inchacopernas=S faltadear=S
1,1.3851890563964844,200,"Boa tarde, eu sou a Robô Maria Helena cuidadora digital do admin. Você é o admin?"
2,2.0498740673065186,200,"Estou entrando em contato em nome do Grupo de Pesquisa de Voicebot em Saúde. admin, o motivo da chamada é um alerta de sensor em perigo por sobrepeso que detectamos. O atendimento levará alguns minutos, tudo bem?"
3,1.3490638732910156,200,Inicialmente vamos verificar seu estado geral. Você tem sentido cansaço?
4,1.1960158348083496,200,"Certo, o senhor sente dificuldade para comer?"
5,1.1849019527435303,200,"Certo, e falta de vontade de comer?"
6,1.2114102840423584,200,"Certo, e tem inchaço nas pernas?"
7,1.211045503616333,200,"Certo, e falta de ar você tem?"
8,1.388415813446045,200,SYSTEM cansaco=S dificuldadecomer=S faltavontadecomer=S inchacopernas=S faltadear=S
1,1.4763250350952148,200,"Boa tarde, eu sou a Robô Maria Helena cuidadora digital do admin. Você é o admin?"
2,2.0617518424987793,200,"Estou entrando em contato em nome do Grupo de Pesquisa de Voicebot em Saúde. admin, o motivo da chamada é um alerta de sensor em perigo por sobrepeso que detectamos. O atendimento levará alguns minutos, tudo bem?"
3,1.3591084480285645,200,Inicialmente vamos verificar seu estado geral. Você tem sentido cansaço?
4,1.2204914093017578,200,"Certo, o senhor sente dificuldade para comer?"
5,1.1986699104309082,200,"Certo, e falta de vontade de comer?"
6,1.2130112648010254,200,"Certo, e tem inchaço nas pernas?"
7,1.1886589527130127,200,"Certo, e falta de ar você tem?"
8,1.384768009185791,200,SYSTEM cansaco=S dificuldadecomer=S faltavontadecomer=S inchacopernas=S faltadear=S
1,1.4711103439331055,200,"Boa tarde, eu sou a Robô Maria Helena cuidadora digital do admin. Você é o admin?"
2,2.400425434112549,200,"Estou entrando em contato em nome do Grupo de Pesquisa de Voicebot em Saúde. admin, o motivo da chamada é um alerta de sensor em perigo por sobrepeso que detectamos. O atendimento levará alguns minutos, tudo bem?"
3,1.4769072532653809,200,Inicialmente vamos verificar seu estado geral. Você tem sentido cansaço?
4,1.3941826820373535,200,"Certo, o senhor sente dificuldade para comer?"
5,1.3052258491516113,200,"Certo, e falta de vontade de comer?"
6,1.36944580078125,200,"Certo, e tem inchaço nas pernas?"
7,1.282999038696289,200,"Certo, e falta de ar você tem?"
8,1.52901029586792,200,SYSTEM cansaco=S dificuldadecomer=S faltavontadecomer=S inchacopernas=S faltadear=S
1,1.5488612651824951,200,"Boa tarde, eu sou a Robô Maria Helena cuidadora digital do admin. Você é o admin?"
2,2.4492084980010986,200,"Estou entrando em contato em nome do Grupo de Pesquisa de Voicebot em Saúde. admin, o motivo da chamada é um alerta de sensor em perigo por sobrepeso que detectamos. O atendimento levará alguns minutos, tudo bem?"
3,1.4981884956359863,200,Inicialmente vamos verificar seu estado geral. Você tem sentido cansaço?
4,1.1891310214996338,200,"Certo, o senhor sente dificuldade para comer?"
5,1.195814609527588,200,"Certo, e falta de vontade de comer?"
6,1.2138752937316895,200,"Certo, e tem inchaço nas pernas?"
7,1.189920425415039,200,"Certo, e falta de ar você tem?"
8,1.4960107803344727,200,SYSTEM cansaco=S dificuldadecomer=S faltavontadecomer=S inchacopernas=S faltadear=S
1,1.4022753238677979,200,"Boa tarde, eu sou a Robô Maria Helena cuidadora digital do admin. Você é o admin?"
2,2.088405132293701,200,"Estou entrando em contato em nome do Grupo de Pesquisa de Voicebot em Saúde. admin, o motivo da chamada é um alerta de sensor em perigo por sobrepeso que detectamos. O atendimento levará alguns minutos, tudo bem?"
3,1.3726730346679688,200,Inicialmente vamos verificar seu estado geral. Você tem sentido cansaço?
4,1.2302131652832031,200,"Certo, o senhor sente dificuldade para comer?"
5,1.20162034034729,200,"Certo, e falta de vontade de comer?"
6,1.201035976409912,200,"Certo, e tem inchaço nas pernas?"
7,1.170785665512085,200,"Certo, e falta de ar você tem?"
8,1.3769605159759521,200,SYSTEM cansaco=S dificuldadecomer=S faltavontadecomer=S inchacopernas=S faltadear=S
1,1.3898842334747314,200,"Boa tarde, eu sou a Robô Maria Helena cuidadora digital do admin. Você é o admin?"
2,2.0632925033569336,200,"Estou entrando em contato em nome do Grupo de Pesquisa de Voicebot em Saúde. admin, o motivo da chamada é um alerta de sensor em perigo por sobrepeso que detectamos. O atendimento levará alguns minutos, tudo bem?"
3,1.3885822296142578,200,Inicialmente vamos verificar seu estado geral. Você tem sentido cansaço?
4,1.2169508934020996,200,"Certo, o senhor sente dificuldade para comer?"
5,1.202820062637329,200,"Certo, e falta de vontade de comer?"
6,1.2345402240753174,200,"Certo, e tem inchaço nas pernas?"
7,1.1961867809295654,200,"Certo, e falta de ar você tem?"
8,1.3807227611541748,200,SYSTEM cansaco=S dificuldadecomer=S faltavontadecomer=S inchacopernas=S faltadear=S
1,1.395136833190918,200,"Boa tarde, eu sou a Robô Maria Helena cuidadora digital do admin. Você é o admin?"
2,1.9995832443237305,200,"Estou entrando em contato em nome do Grupo de Pesquisa de Voicebot em Saúde. admin, o motivo da chamada é um alerta de sensor em perigo por sobrepeso que detectamos. O atendimento levará alguns minutos, tudo bem?"
3,1.346235752105713,200,Inicialmente vamos verificar seu estado geral. Você tem sentido cansaço?
4,1.1928143501281738,200,"Certo, o senhor sente dificuldade para comer?"
5,1.205198049545288,200,"Certo, e falta de vontade de comer?"
6,1.2056691646575928,200,"Certo, e tem inchaço nas pernas?"
7,1.2387199401855469,200,"Certo, e falta de ar você tem?"
8,1.385697364807129,200,SYSTEM cansaco=S dificuldadecomer=S faltavontadecomer=S inchacopernas=S faltadear=S
1,1.3809013366699219,200,"Boa tarde, eu sou a Robô Maria Helena cuidadora digital do admin. Você é o admin?"
2,2.0519325733184814,200,"Estou entrando em contato em nome do Grupo de Pesquisa de Voicebot em Saúde. admin, o motivo da chamada é um alerta de sensor em perigo por sobrepeso que detectamos. O atendimento levará alguns minutos, tudo bem?"
3,1.383246660232544,200,Inicialmente vamos verificar seu estado geral. Você tem sentido cansaço?
4,1.2119858264923096,200,"Certo, o senhor sente dificuldade para comer?"
5,1.239689826965332,200,"Certo, e falta de vontade de comer?"
6,1.216094970703125,200,"Certo, e tem inchaço nas pernas?"
7,1.2164311408996582,200,"Certo, e falta de ar você tem?"
8,1.412581205368042,200,SYSTEM cansaco=S dificuldadecomer=S faltavontadecomer=S inchacopernas=S faltadear=S
1,1.4241247177124023,200,"Boa tarde, eu sou a Robô Maria Helena cuidadora digital do admin. Você é o admin?"
2,2.1175296306610107,200,"Estou entrando em contato em nome do Grupo de Pesquisa de Voicebot em Saúde. admin, o motivo da chamada é um alerta de sensor em perigo por sobrepeso que detectamos. O atendimento levará alguns minutos, tudo bem?"
3,1.337343454360962,200,Inicialmente vamos verificar seu estado geral. Você tem sentido cansaço?
4,1.2099132537841797,200,"Certo, o senhor sente dificuldade para comer?"
5,1.231163501739502,200,"Certo, e falta de vontade de comer?"
6,1.2430446147918701,200,"Certo, e tem inchaço nas pernas?"
7,1.193005084991455,200,"Certo, e falta de ar você tem?"
8,1.3986787796020508,200,SYSTEM cansaco=S dificuldadecomer=S faltavontadecomer=S inchacopernas=S faltadear=S
1,1.3607220649719238,200,"Boa tarde, eu sou a Robô Maria Helena cuidadora digital do admin. Você é o admin?"
2,2.1054036617279053,200,"Estou entrando em contato em nome do Grupo de Pesquisa de Voicebot em Saúde. admin, o motivo da chamada é um alerta de sensor em perigo por sobrepeso que detectamos. O atendimento levará alguns minutos, tudo bem?"
3,1.3434267044067383,200,Inicialmente vamos verificar seu estado geral. Você tem sentido cansaço?
4,1.2050034999847412,200,"Certo, o senhor sente dificuldade para comer?"
5,1.1838233470916748,200,"Certo, e falta de vontade de comer?"
6,1.2127408981323242,200,"Certo, e tem inchaço nas pernas?"
7,1.2008914947509766,200,"Certo, e falta de ar você tem?"
8,1.3864550590515137,200,SYSTEM cansaco=S dificuldadecomer=S faltavontadecomer=S inchacopernas=S faltadear=S
1,1.3719875812530518,200,"Boa tarde, eu sou a Robô Maria Helena cuidadora digital do admin. Você é o admin?"
2,2.2032952308654785,200,"Estou entrando em contato em nome do Grupo de Pesquisa de Voicebot em Saúde. admin, o motivo da chamada é um alerta de sensor em perigo por sobrepeso que detectamos. O atendimento levará alguns minutos, tudo bem?"
3,1.4013721942901611,200,Inicialmente vamos verificar seu estado geral. Você tem sentido cansaço?
4,1.1958246231079102,200,"Certo, o senhor sente dificuldade para comer?"
5,1.1968390941619873,200,"Certo, e falta de vontade de comer?"
6,1.191558599472046,200,"Certo, e tem inchaço nas pernas?"
7,1.2034168243408203,200,"Certo, e falta de ar você tem?"
8,1.3776497840881348,200,SYSTEM cansaco=S dificuldadecomer=S faltavontadecomer=S inchacopernas=S faltadear=S
1,1.3997201919555664,200,"Boa tarde, eu sou a Robô Maria Helena cuidadora digital do admin. Você é o admin?"
2,2.105851173400879,200,"Estou entrando em contato em nome do Grupo de Pesquisa de Voicebot em Saúde. admin, o motivo da chamada é um alerta de sensor em perigo por sobrepeso que detectamos. O atendimento levará alguns minutos, tudo bem?"
3,1.3304297924041748,200,Inicialmente vamos verificar seu estado geral. Você tem sentido cansaço?
4,1.224538803100586,200,"Certo, o senhor sente dificuldade para comer?"
5,1.2364001274108887,200,"Certo, e falta de vontade de comer?"
6,1.1679823398590088,200,"Certo, e tem inchaço nas pernas?"
7,1.2094378471374512,200,"Certo, e falta de ar você tem?"
8,1.4142053127288818,200,SYSTEM cansaco=S dificuldadecomer=S faltavontadecomer=S inchacopernas=S faltadear=S
1,1.374924659729004,200,"Boa tarde, eu sou a Robô Maria Helena cuidadora digital do admin. Você é o admin?"
2,2.107560396194458,200,"Estou entrando em contato em nome do Grupo de Pesquisa de Voicebot em Saúde. admin, o motivo da chamada é um alerta de sensor em perigo por sobrepeso que detectamos. O atendimento levará alguns minutos, tudo bem?"
3,1.3655791282653809,200,Inicialmente vamos verificar seu estado geral. Você tem sentido cansaço?
4,1.178609848022461,200,"Certo, o senhor sente dificuldade para comer?"
5,1.1976830959320068,200,"Certo, e falta de vontade de comer?"
6,1.2210519313812256,200,"Certo, e tem inchaço nas pernas?"
7,1.2342569828033447,200,"Certo, e falta de ar você tem?"
8,1.4955174922943115,200,SYSTEM cansaco=S dificuldadecomer=S faltavontadecomer=S inchacopernas=S faltadear=S
1,1.4092891216278076,200,"Boa tarde, eu sou a Robô Maria Helena cuidadora digital do admin. Você é o admin?"
2,2.081164598464966,200,"Estou entrando em contato em nome do Grupo de Pesquisa de Voicebot em Saúde. admin, o motivo da chamada é um alerta de sensor em perigo por sobrepeso que detectamos. O atendimento levará alguns minutos, tudo bem?"
3,1.3480453491210938,200,Inicialmente vamos verificar seu estado geral. Você tem sentido cansaço?
4,1.1830215454101562,200,"Certo, o senhor sente dificuldade para comer?"
5,1.1581356525421143,200,"Certo, e falta de vontade de comer?"
6,1.1955695152282715,200,"Certo, e tem inchaço nas pernas?"
7,1.1762073040008545,200,"Certo, e falta de ar você tem?"
8,1.353705644607544,200,SYSTEM cansaco=S dificuldadecomer=S faltavontadecomer=S inchacopernas=S faltadear=S
1,1.3823130130767822,200,"Boa tarde, eu sou a Robô Maria Helena cuidadora digital do admin. Você é o admin?"
2,2.043415069580078,200,"Estou entrando em contato em nome do Grupo de Pesquisa de Voicebot em Saúde. admin, o motivo da chamada é um alerta de sensor em perigo por sobrepeso que detectamos. O atendimento levará alguns minutos, tudo bem?"
3,1.343419075012207,200,Inicialmente vamos verificar seu estado geral. Você tem sentido cansaço?
4,1.187290906906128,200,"Certo, o senhor sente dificuldade para comer?"
5,1.2114977836608887,200,"Certo, e falta de vontade de comer?"
6,1.184499979019165,200,"Certo, e tem inchaço nas pernas?"
7,1.2087290287017822,200,"Certo, e falta de ar você tem?"
8,1.3648486137390137,200,SYSTEM cansaco=S dificuldadecomer=S faltavontadecomer=S inchacopernas=S faltadear=S
1,1.4660770893096924,200,"Boa tarde, eu sou a Robô Maria Helena cuidadora digital do admin. Você é o admin?"
2,2.1405558586120605,200,"Estou entrando em contato em nome do Grupo de Pesquisa de Voicebot em Saúde. admin, o motivo da chamada é um alerta de sensor em perigo por sobrepeso que detectamos. O atendimento levará alguns minutos, tudo bem?"
3,1.3676369190216064,200,Inicialmente vamos verificar seu estado geral. Você tem sentido cansaço?
4,1.1978397369384766,200,"Certo, o senhor sente dificuldade para comer?"
5,1.207284688949585,200,"Certo, e falta de vontade de comer?"
6,1.2004623413085938,200,"Certo, e tem inchaço nas pernas?"
7,1.1797428131103516,200,"Certo, e falta de ar você tem?"
8,1.3485312461853027,200,SYSTEM cansaco=S dificuldadecomer=S faltavontadecomer=S inchacopernas=S faltadear=S
1,1.3921856880187988,200,"Boa tarde, eu sou a Robô Maria Helena cuidadora digital do admin. Você é o admin?"
2,2.05517578125,200,"Estou entrando em contato em nome do Grupo de Pesquisa de Voicebot em Saúde. admin, o motivo da chamada é um alerta de sensor em perigo por sobrepeso que detectamos. O atendimento levará alguns minutos, tudo bem?"
3,1.3708796501159668,200,Inicialmente vamos verificar seu estado geral. Você tem sentido cansaço?
4,1.1809980869293213,200,"Certo, o senhor sente dificuldade para comer?"
5,1.2064707279205322,200,"Certo, e falta de vontade de comer?"
6,1.2041544914245605,200,"Certo, e tem inchaço nas pernas?"
7,1.209296703338623,200,"Certo, e falta de ar você tem?"
8,1.4210658073425293,200,SYSTEM cansaco=S dificuldadecomer=S faltavontadecomer=S inchacopernas=S faltadear=S
1,1.4016087055206299,200,"Boa tarde, eu sou a Robô Maria Helena cuidadora digital do admin. Você é o admin?"
2,2.09979248046875,200,"Estou entrando em contato em nome do Grupo de Pesquisa de Voicebot em Saúde. admin, o motivo da chamada é um alerta de sensor em perigo por sobrepeso que detectamos. O atendimento levará alguns minutos, tudo bem?"
3,1.4230029582977295,200,Inicialmente vamos verificar seu estado geral. Você tem sentido cansaço?
4,1.1859593391418457,200,"Certo, o senhor sente dificuldade para comer?"
5,1.2754762172698975,200,"Certo, e falta de vontade de comer?"
6,1.2355091571807861,200,"Certo, e tem inchaço nas pernas?"
7,1.2488412857055664,200,"Certo, e falta de ar você tem?"
8,1.5159525871276855,200,SYSTEM cansaco=S dificuldadecomer=S faltavontadecomer=S inchacopernas=S faltadear=S
1,1.445558786392212,200,"Boa tarde, eu sou a Robô Maria Helena cuidadora digital do admin. Você é o admin?"
2,2.151463508605957,200,"Estou entrando em contato em nome do Grupo de Pesquisa de Voicebot em Saúde. admin, o motivo da chamada é um alerta de sensor em perigo por sobrepeso que detectamos. O atendimento levará alguns minutos, tudo bem?"
3,1.367292881011963,200,Inicialmente vamos verificar seu estado geral. Você tem sentido cansaço?
4,1.2312235832214355,200,"Certo, o senhor sente dificuldade para comer?"
5,1.1859004497528076,200,"Certo, e falta de vontade de comer?"
6,1.225205421447754,200,"Certo, e tem inchaço nas pernas?"
7,1.2091584205627441,200,"Certo, e falta de ar você tem?"
8,1.434067726135254,200,SYSTEM cansaco=S dificuldadecomer=S faltavontadecomer=S inchacopernas=S faltadear=S
1,1.4085395336151123,200,"Boa tarde, eu sou a Robô Maria Helena cuidadora digital do admin. Você é o admin?"
2,2.106459140777588,200,"Estou entrando em contato em nome do Grupo de Pesquisa de Voicebot em Saúde. admin, o motivo da chamada é um alerta de sensor em perigo por sobrepeso que detectamos. O atendimento levará alguns minutos, tudo bem?"
3,1.341024398803711,200,Inicialmente vamos verificar seu estado geral. Você tem sentido cansaço?
4,1.2276599407196045,200,"Certo, o senhor sente dificuldade para comer?"
5,1.2084739208221436,200,"Certo, e falta de vontade de comer?"
6,1.2517516613006592,200,"Certo, e tem inchaço nas pernas?"
7,1.2021427154541016,200,"Certo, e falta de ar você tem?"
8,1.4719295501708984,200,SYSTEM cansaco=S dificuldadecomer=S faltavontadecomer=S inchacopernas=S faltadear=S
1,1.423058271408081,200,"Boa tarde, eu sou a Robô Maria Helena cuidadora digital do admin. Você é o admin?"
2,2.026127815246582,200,"Estou entrando em contato em nome do Grupo de Pesquisa de Voicebot em Saúde. admin, o motivo da chamada é um alerta de sensor em perigo por sobrepeso que detectamos. O atendimento levará alguns minutos, tudo bem?"
3,1.3573462963104248,200,Inicialmente vamos verificar seu estado geral. Você tem sentido cansaço?
4,1.2065210342407227,200,"Certo, o senhor sente dificuldade para comer?"
5,1.1632931232452393,200,"Certo, e falta de vontade de comer?"
6,1.1659433841705322,200,"Certo, e tem inchaço nas pernas?"
7,1.1853914260864258,200,"Certo, e falta de ar você tem?"
8,1.4024364948272705,200,SYSTEM cansaco=S dificuldadecomer=S faltavontadecomer=S inchacopernas=S faltadear=S
1,1.3970561027526855,200,"Boa tarde, eu sou a Robô Maria Helena cuidadora digital do admin. Você é o admin?"
2,2.073878049850464,200,"Estou entrando em contato em nome do Grupo de Pesquisa de Voicebot em Saúde. admin, o motivo da chamada é um alerta de sensor em perigo por sobrepeso que detectamos. O atendimento levará alguns minutos, tudo bem?"
3,1.3812298774719238,200,Inicialmente vamos verificar seu estado geral. Você tem sentido cansaço?
4,1.2207379341125488,200,"Certo, o senhor sente dificuldade para comer?"
5,1.1937179565429688,200,"Certo, e falta de vontade de comer?"
6,1.18703293800354,200,"Certo, e tem inchaço nas pernas?"
7,1.2049133777618408,200,"Certo, e falta de ar você tem?"
8,1.439786434173584,200,SYSTEM cansaco=S dificuldadecomer=S faltavontadecomer=S inchacopernas=S faltadear=S
1,1.4024887084960938,200,"Boa tarde, eu sou a Robô Maria Helena cuidadora digital do admin. Você é o admin?"
2,2.041447401046753,200,"Estou entrando em contato em nome do Grupo de Pesquisa de Voicebot em Saúde. admin, o motivo da chamada é um alerta de sensor em perigo por sobrepeso que detectamos. O atendimento levará alguns minutos, tudo bem?"
3,1.401275873184204,200,Inicialmente vamos verificar seu estado geral. Você tem sentido cansaço?
4,1.2044832706451416,200,"Certo, o senhor sente dificuldade para comer?"
5,1.1965885162353516,200,"Certo, e falta de vontade de comer?"
6,1.2082457542419434,200,"Certo, e tem inchaço nas pernas?"
7,1.1773273944854736,200,"Certo, e falta de ar você tem?"
8,1.369635820388794,200,SYSTEM cansaco=S dificuldadecomer=S faltavontadecomer=S inchacopernas=S faltadear=S
1,1.433311939239502,200,"Boa tarde, eu sou a Robô Maria Helena cuidadora digital do admin. Você é o admin?"
2,2.236255407333374,200,"Estou entrando em contato em nome do Grupo de Pesquisa de Voicebot em Saúde. admin, o motivo da chamada é um alerta de sensor em perigo por sobrepeso que detectamos. O atendimento levará alguns minutos, tudo bem?"
3,1.4293429851531982,200,Inicialmente vamos verificar seu estado geral. Você tem sentido cansaço?
4,1.2005226612091064,200,"Certo, o senhor sente dificuldade para comer?"
5,1.1924121379852295,200,"Certo, e falta de vontade de comer?"
6,1.1935968399047852,200,"Certo, e tem inchaço nas pernas?"
7,1.1870524883270264,200,"Certo, e falta de ar você tem?"
8,1.4203948974609375,200,SYSTEM cansaco=S dificuldadecomer=S faltavontadecomer=S inchacopernas=S faltadear=S
1,1.4652254581451416,200,"Boa tarde, eu sou a Robô Maria Helena cuidadora digital do admin. Você é o admin?"
2,2.109670400619507,200,"Estou entrando em contato em nome do Grupo de Pesquisa de Voicebot em Saúde. admin, o motivo da chamada é um alerta de sensor em perigo por sobrepeso que detectamos. O atendimento levará alguns minutos, tudo bem?"
3,1.3407022953033447,200,Inicialmente vamos verificar seu estado geral. Você tem sentido cansaço?
4,1.1773369312286377,200,"Certo, o senhor sente dificuldade para comer?"
5,1.1741297245025635,200,"Certo, e falta de vontade de comer?"
6,1.184272050857544,200,"Certo, e tem inchaço nas pernas?"
7,1.2018020153045654,200,"Certo, e falta de ar você tem?"
8,1.3864188194274902,200,SYSTEM cansaco=S dificuldadecomer=S faltavontadecomer=S inchacopernas=S faltadear=S
1,1.416236162185669,200,"Boa tarde, eu sou a Robô Maria Helena cuidadora digital do admin. Você é o admin?"
2,1.993943452835083,200,"Estou entrando em contato em nome do Grupo de Pesquisa de Voicebot em Saúde. admin, o motivo da chamada é um alerta de sensor em perigo por sobrepeso que detectamos. O atendimento levará alguns minutos, tudo bem?"
3,1.3459739685058594,200,Inicialmente vamos verificar seu estado geral. Você tem sentido cansaço?
4,1.2747759819030762,200,"Certo, o senhor sente dificuldade para comer?"
5,1.1867411136627197,200,"Certo, e falta de vontade de comer?"
6,1.205296277999878,200,"Certo, e tem inchaço nas pernas?"
7,1.1736640930175781,200,"Certo, e falta de ar você tem?"
8,1.4459223747253418,200,SYSTEM cansaco=S dificuldadecomer=S faltavontadecomer=S inchacopernas=S faltadear=S
